{
  "variants": {
    "A_local_only": {
      "iou": 0.8892507840500368,
      "dice": 0.9413792933765273,
      "precision": 0.9422231159474856,
      "recall": 0.9405369808500873,
      "loss": 0.13574038056077484,
      "fps": 268.0043143341079,
      "ms_per_image": 3.7312832164087806,
      "params": 15994849,
      "best_epoch": 63
    },
    "B_no_gate": {
      "iou": 0.888031046442589,
      "dice": 0.9406953854024902,
      "precision": 0.939811629392217,
      "recall": 0.9415808050649078,
      "loss": 0.1403944992981174,
      "fps": 226.3685356102682,
      "ms_per_image": 4.417575072012965,
      "params": 17831777,
      "best_epoch": 51
    },
    "C_full": {
      "iou": 0.8939179389787123,
      "dice": 0.9439880372649663,
      "precision": 0.9445908739476117,
      "recall": 0.9433859695507579,
      "loss": 0.12887784595768034,
      "fps": 186.78173451739318,
      "ms_per_image": 5.353842561660544,
      "params": 17831777,
      "best_epoch": 79
    }
  },
  "focus_cases": {
    "complex_boundary": {
      "file": "complex_boundary_2_1180.png",
      "id": "2_1180",
      "ious": {
        "A_local_only": 0.7134485196813732,
        "B_no_gate": 0.8165146154518232,
        "C_full": 0.8827037772482401
      }
    },
    "small_buildings": {
      "file": "small_buildings_2_779.png",
      "id": "2_779",
      "ious": {
        "A_local_only": 0.0,
        "B_no_gate": 0.2525252518875625,
        "C_full": 0.23068050723104902
      }
    },
    "dense_buildings": {
      "file": "dense_buildings_543.png",
      "id": "543",
      "ious": {
        "A_local_only": 0.6418782731841599,
        "B_no_gate": 0.5609614900531843,
        "C_full": 0.9511876663406553
      }
    },
    "adhesive_buildings": {
      "file": "adhesive_buildings_2_1687.png",
      "id": "2_1687",
      "ious": {
        "A_local_only": 0.6349696085074458,
        "B_no_gate": 0.9755213222077236,
        "C_full": 0.9647220290841027
      }
    }
  }
}