{
  "unet": {
    "params": 7763041,
    "iou": 0.8740880164840059,
    "dice": 0.9328142635732667,
    "precision": 0.9347510454481319,
    "recall": 0.9308854910349609,
    "loss": 0.1573835137526278,
    "pred_fg_ratio_mean": 0.11082025079537701,
    "pred_all_black_count": 673,
    "pred_all_white_count": 0,
    "fps": 221.14576162640424,
    "ms_per_image": 4.521904433734363
  },
  "v2lite": {
    "params": 17831777,
    "iou": 0.8939179389787123,
    "dice": 0.9439880372649663,
    "precision": 0.9445908739476117,
    "recall": 0.9433859695507579,
    "loss": 0.12887784595768034,
    "pred_fg_ratio_mean": 0.11113849065161699,
    "pred_all_black_count": 703,
    "pred_all_white_count": 0,
    "fps": 181.43615964221826,
    "ms_per_image": 5.5115805028718805
  },
  "deltas": {
    "iou": 0.019829922494706387,
    "dice": 0.011173773691699584,
    "precision": 0.00983982849947973,
    "recall": 0.012500478515797053
  },
  "focus_cases": {
    "small_buildings": {
      "file": "small_buildings_2_4.png",
      "id": "2_4",
      "unet": {
        "iou": 0.0,
        "dice": 0.0,
        "precision": 0.0,
        "recall": 0.0
      },
      "v2lite": {
        "iou": 0.5990338154604931,
        "dice": 0.7492447122364102,
        "precision": 0.8551724118271898,
        "recall": 0.6666666654719235
      },
      "delta_iou": 0.5990338154604931,
      "delta_dice": 0.7492447122364102,
      "delta_precision": 0.8551724118271898,
      "delta_recall": 0.6666666654719235
    },
    "dense_buildings": {
      "file": "dense_buildings_543.png",
      "id": "543",
      "unet": {
        "iou": 0.6419926019690995,
        "dice": 0.7819677155660912,
        "precision": 0.9524988799722175,
        "recall": 0.66322657792916
      },
      "v2lite": {
        "iou": 0.9511876663406553,
        "dice": 0.9749832707015366,
        "precision": 0.9653924566686597,
        "recall": 0.9847665592095182
      },
      "delta_iou": 0.30919506437155586,
      "delta_dice": 0.19301555513544533,
      "delta_precision": 0.0128935766964422,
      "delta_recall": 0.3215399812803582
    },
    "complex_boundary": {
      "file": "complex_boundary_2_1093.png",
      "id": "2_1093",
      "unet": {
        "iou": 0.2383561643333285,
        "dice": 0.3849557521468761,
        "precision": 0.5272727270269125,
        "recall": 0.30313588842049427
      },
      "v2lite": {
        "iou": 0.5163971247716987,
        "dice": 0.6810842837089195,
        "precision": 0.7612582778936231,
        "recall": 0.6161886891942673
      },
      "delta_iou": 0.27804096043837023,
      "delta_dice": 0.2961285315620434,
      "delta_precision": 0.23398555086671058,
      "delta_recall": 0.313052800773773
    },
    "adhesive_buildings": {
      "file": "adhesive_buildings_2_1020.png",
      "id": "2_1020",
      "unet": {
        "iou": 0.5408960405594647,
        "dice": 0.7020539041207187,
        "precision": 0.9767301662675753,
        "recall": 0.5479572510451869
      },
      "v2lite": {
        "iou": 0.9343489767649378,
        "dice": 0.9660604037721989,
        "precision": 0.9534286278273217,
        "recall": 0.9790313852151629
      },
      "delta_iou": 0.39345293620547306,
      "delta_dice": 0.26400649965148026,
      "delta_precision": -0.02330153844025351,
      "delta_recall": 0.431074134169976
    }
  }
}