{
  "report": "/root/autodl-tmp/project-building/outputs/true_vmamba_boundary_screening/true_vmamba_boundary_screening_report.md",
  "WHU": {
    "true_boundary": {
      "iou": 0.906891127952414,
      "dice": 0.9511724236991105,
      "precision": 0.9529932786621245,
      "recall": 0.9493585135700255,
      "loss": 0.11650019031004973,
      "fps": 173.44782892131744,
      "ms_per_image": 5.765422410986985,
      "params": 17926338,
      "best_epoch": 70,
      "best_val_iou": 0.9143829324415713,
      "boundary_iou": 0.6208568406663709
    },
    "simplified_boundary": {
      "iou": 0.8986258960162143,
      "dice": 0.9466065936441227,
      "precision": 0.9479804553456157,
      "recall": 0.9452367083209747,
      "loss": 0.12550441693059572,
      "fps": 180.75966659589776,
      "ms_per_image": 5.532207592723533,
      "params": 17915010,
      "best_epoch": 50,
      "boundary_iou": 0.6005904007452261
    },
    "delta": {
      "iou": 0.008265231936199657,
      "dice": 0.004565830054987785,
      "precision": 0.005012823316508763,
      "recall": 0.004121805249050814,
      "boundary_iou": 0.020266439921144852
    },
    "boundary_gain_vs_true_no_boundary": {
      "iou": 0.0058102497593559566,
      "dice": 0.0032055186303280303,
      "precision": 0.003179795023470988,
      "recall": 0.003231020956764308,
      "boundary_iou": 0.016443789303079104
    }
  },
  "Inria": {
    "true_boundary": {
      "iou": 0.8141443317939968,
      "dice": 0.8975518844070077,
      "precision": 0.8942715541134563,
      "recall": 0.9008563688483143,
      "loss": 0.2571905029825657,
      "fps": 161.70341771402357,
      "ms_per_image": 6.184161189273837,
      "params": 17926338,
      "best_epoch": 72,
      "best_val_iou": 0.8141443317939968,
      "boundary_iou": 0.4413564487821205
    },
    "simplified_boundary": {
      "iou": 0.8043889903876069,
      "dice": 0.8915915522348797,
      "precision": 0.8885005423937128,
      "recall": 0.8947041438220896,
      "loss": 0.27116675941463236,
      "fps": 178.78557075462427,
      "ms_per_image": 5.593292544690076,
      "params": 17915010,
      "best_epoch": 79,
      "boundary_iou": 0.4332541137754738
    },
    "delta": {
      "iou": 0.009755341406389895,
      "dice": 0.005960332172127991,
      "precision": 0.00577101171974348,
      "recall": 0.0061522250262247,
      "boundary_iou": 0.0081023350066467
    },
    "boundary_gain_vs_true_no_boundary": {
      "iou": 0.014599652799245355,
      "dice": 0.008944128981466015,
      "precision": 0.009822591465197927,
      "recall": 0.008050525517687257,
      "boundary_iou": 0.012870040028711005
    }
  },
  "recommendation": "两个数据集均超过 simplified + boundary，可考虑 true_vmamba + boundary 进入 multi-seed。"
}