{
  "deterministic_settings": {
    "cudnn_deterministic": true,
    "cudnn_benchmark": false,
    "deterministic_algorithms": "torch.use_deterministic_algorithms(True, warn_only=True)",
    "train_dataloader_generator": "torch.Generator().manual_seed(seed)",
    "worker_init_fn": "sets Python/NumPy/Torch seed from torch.initial_seed()"
  },
  "seeds": [
    42,
    123,
    3407
  ],
  "models": {
    "simplified_boundary": {
      "per_seed": {
        "42": {
          "iou": 0.8967504437307405,
          "dice": 0.9455650285410365,
          "precision": 0.9484071415019223,
          "recall": 0.9427398987337117,
          "loss": 0.12990610206539135,
          "fps": 130.53037220635989,
          "ms_per_image": 7.661052237092116,
          "params": 17915010,
          "best_epoch": 59,
          "best_val_iou": 0.9120956075538379,
          "boundary_iou": 0.602711534563418
        },
        "123": {
          "iou": 0.9014600111651491,
          "dice": 0.9481766704236557,
          "precision": 0.9493723804972755,
          "recall": 0.9469839684934686,
          "loss": 0.11934377575804825,
          "fps": 130.3131880910847,
          "ms_per_image": 7.673820391079929,
          "params": 17915010,
          "best_epoch": 65,
          "best_val_iou": 0.9129827181887756,
          "boundary_iou": 0.6165983409508995
        },
        "3407": {
          "iou": 0.891231388912404,
          "dice": 0.9424879410709518,
          "precision": 0.9386037767210588,
          "recall": 0.9464043861871765,
          "loss": 0.13871554005330933,
          "fps": 129.8077316251732,
          "ms_per_image": 7.703701370327876,
          "params": 17915010,
          "best_epoch": 54,
          "best_val_iou": 0.9132332136650899,
          "boundary_iou": 0.6072360021286982
        }
      },
      "stats": {
        "iou": {
          "mean": 0.8964806146027645,
          "std": 0.005119646874157027,
          "values": [
            0.8967504437307405,
            0.9014600111651491,
            0.891231388912404
          ]
        },
        "dice": {
          "mean": 0.9454098800118813,
          "std": 0.0028475364285032536,
          "values": [
            0.9455650285410365,
            0.9481766704236557,
            0.9424879410709518
          ]
        },
        "precision": {
          "mean": 0.9454610995734188,
          "std": 0.005958194282302511,
          "values": [
            0.9484071415019223,
            0.9493723804972755,
            0.9386037767210588
          ]
        },
        "recall": {
          "mean": 0.9453760844714523,
          "std": 0.002301322520930474,
          "values": [
            0.9427398987337117,
            0.9469839684934686,
            0.9464043861871765
          ]
        },
        "boundary_iou": {
          "mean": 0.6088486258810052,
          "std": 0.007082461749683365,
          "values": [
            0.602711534563418,
            0.6165983409508995,
            0.6072360021286982
          ]
        },
        "fps": {
          "mean": 130.21709730753926,
          "std": 0.37077949162034,
          "values": [
            130.53037220635989,
            130.3131880910847,
            129.8077316251732
          ]
        },
        "ms_per_image": {
          "mean": 7.679524666166641,
          "std": 0.021889294349956564,
          "values": [
            7.661052237092116,
            7.673820391079929,
            7.703701370327876
          ]
        }
      },
      "params": 17915010
    },
    "true_vmamba_boundary": {
      "per_seed": {
        "42": {
          "iou": 0.9002460532778968,
          "dice": 0.9475047210070354,
          "precision": 0.9455232233820257,
          "recall": 0.9494945411740802,
          "loss": 0.1312074909721487,
          "fps": 123.20187164673685,
          "ms_per_image": 8.11675980757299,
          "params": 17926338,
          "best_epoch": 58,
          "best_val_iou": 0.9121845722755345,
          "boundary_iou": 0.6181312870468768
        },
        "123": {
          "iou": 0.9017696152699667,
          "dice": 0.94834790505574,
          "precision": 0.9460223367493799,
          "recall": 0.9506849352386851,
          "loss": 0.12540472884338427,
          "fps": 123.85509036216291,
          "ms_per_image": 8.073951559648572,
          "params": 17926338,
          "best_epoch": 60,
          "best_val_iou": 0.9150486819702494,
          "boundary_iou": 0.623821319461582
        },
        "3407": {
          "iou": 0.8963921474499156,
          "dice": 0.9453658080743448,
          "precision": 0.941526145711237,
          "recall": 0.9492369159308529,
          "loss": 0.13320732003742386,
          "fps": 125.71079802437372,
          "ms_per_image": 7.95476614352661,
          "params": 17926338,
          "best_epoch": 48,
          "best_val_iou": 0.9144719685167338,
          "boundary_iou": 0.6154507900560197
        }
      },
      "stats": {
        "iou": {
          "mean": 0.8994692719992596,
          "std": 0.002771611788301546,
          "values": [
            0.9002460532778968,
            0.9017696152699667,
            0.8963921474499156
          ]
        },
        "dice": {
          "mean": 0.9470728113790401,
          "std": 0.0015372491817131923,
          "values": [
            0.9475047210070354,
            0.94834790505574,
            0.9453658080743448
          ]
        },
        "precision": {
          "mean": 0.9443572352808809,
          "std": 0.002464463359816365,
          "values": [
            0.9455232233820257,
            0.9460223367493799,
            0.941526145711237
          ]
        },
        "recall": {
          "mean": 0.9498054641145394,
          "std": 0.0007724602158956762,
          "values": [
            0.9494945411740802,
            0.9506849352386851,
            0.9492369159308529
          ]
        },
        "boundary_iou": {
          "mean": 0.6191344655214929,
          "std": 0.004274484287173812,
          "values": [
            0.6181312870468768,
            0.623821319461582,
            0.6154507900560197
          ]
        },
        "fps": {
          "mean": 124.25592001109116,
          "std": 1.3016052388091677,
          "values": [
            123.20187164673685,
            123.85509036216291,
            125.71079802437372
          ]
        },
        "ms_per_image": {
          "mean": 8.048492503582724,
          "std": 0.08394408525688875,
          "values": [
            8.11675980757299,
            8.073951559648572,
            7.95476614352661
          ]
        }
      },
      "params": 17926338
    }
  },
  "deltas_true_minus_simplified": {
    "iou": {
      "per_seed": [
        0.00349560954715622,
        0.0003096041048176179,
        0.005160758537511523
      ],
      "mean": 0.00298865739649512,
      "std": 0.0024649898974958024
    },
    "dice": {
      "per_seed": [
        0.001939692465998899,
        0.0001712346320842384,
        0.0028778670033929865
      ],
      "mean": 0.001662931367158708,
      "std": 0.001374377032596051
    },
    "precision": {
      "per_seed": [
        -0.0028839181198966335,
        -0.0033500437478956036,
        0.0029223689901782812
      ],
      "mean": -0.0011038642925379853,
      "std": 0.0034946007082939405
    },
    "recall": {
      "per_seed": [
        0.006754642440368497,
        0.003700966745216583,
        0.0028325297436764263
      ],
      "mean": 0.004429379643087168,
      "std": 0.0020600196634319914
    },
    "boundary_iou": {
      "per_seed": [
        0.015419752483458837,
        0.007222978510682543,
        0.008214787927321443
      ],
      "mean": 0.010285839640487607,
      "std": 0.004473669331673062
    }
  },
  "stable_iou": true,
  "exceeds_seed_noise": false,
  "should_switch_to_true_vmamba": false
}