{
  "iou": 0.8810413019140273,
  "dice": 0.9367591248714594,
  "precision": 0.9358536775783879,
  "recall": 0.9376663259189596,
  "loss": 0.14148663392069352,
  "pred_fg_ratio_mean": 0.11149597641648046,
  "pred_all_black_count": 688,
  "pred_all_white_count": 0,
  "fps": 112.93408080669369,
  "ms_per_image": 8.854722975181193,
  "boundary_iou": 0.5343599955457392,
  "params": 39633729,
  "best_epoch": 75,
  "best_val_iou": 0.9098954174933865
}