{
  "config": "/root/autodl-tmp/project-building/configs/whu_v2lite_sanity.yaml",
  "epochs_ran": 4,
  "train_subset": 64,
  "val_subset": 16,
  "total_params": 17831777,
  "trainable_params": 17831777,
  "train_losses": [
    1.3797191679477692,
    1.1317092329263687,
    1.044739879667759,
    0.9890429005026817
  ],
  "val_losses": [
    1.4233103394508362,
    1.1865060329437256,
    1.1350799798965454,
    1.1208972930908203
  ],
  "loss_decreased": true,
  "metrics_available": true,
  "checkpoint_load_ok": true,
  "best_checkpoint_epoch": 4,
  "last_checkpoint_epoch": 4,
  "best_val_metrics": {
    "iou": 0.5606541916896792,
    "dice": 0.71848612546598,
    "precision": 0.9249508679949028,
    "recall": 0.5873742232375981,
    "loss": 1.1208972930908203,
    "time_sec": 0.2127854824066162
  },
  "prediction_fg_ratios": [
    0.001873016357421875,
    0.07957077026367188,
    0.011020660400390625,
    0.005298614501953125,
    0.03424835205078125,
    0.034557342529296875
  ],
  "all_black_predictions": 0,
  "all_white_predictions": 0,
  "viz_files": [
    "whu_v2lite_val_pred_01_val_1.png",
    "whu_v2lite_val_pred_03_val_3.png",
    "whu_v2lite_val_pred_06_val_6.png",
    "whu_v2lite_val_pred_16_val_16.png",
    "whu_v2lite_val_pred_17_val_17.png",
    "whu_v2lite_val_pred_28_val_28.png"
  ]
}