{
  "metrics": {
    "C_full_simplified": {
      "iou": 0.8944034227972157,
      "dice": 0.9442586642675806,
      "precision": 0.947850021473621,
      "recall": 0.9406944192869904,
      "loss": 0.13072647469397036,
      "fps": 185.31232370516838,
      "ms_per_image": 5.396295184291135,
      "pred_all_black_count": 708,
      "pred_all_white_count": 0,
      "params": 17831777,
      "best_epoch": 66,
      "best_val_iou": 0.9139198050966322
    },
    "C_full_ss2d": {
      "iou": 0.9001506530021954,
      "dice": 0.9474518787023309,
      "precision": 0.9510238345314842,
      "recall": 0.9439066543307716,
      "loss": 0.1369050464800781,
      "fps": 189.1362448827174,
      "ms_per_image": 5.287193898874834,
      "pred_all_black_count": 695,
      "pred_all_white_count": 0,
      "params": 17378481,
      "best_epoch": 62,
      "best_val_iou": 0.9105671279819703
    }
  },
  "shape_checks": {
    "C_full_simplified": {
      "variant": "C_full_simplified",
      "device": "cuda",
      "global_branch_type": "simplified",
      "with_bidirectional_gate": true,
      "total_params": 17831777,
      "trainable_params": 17831777,
      "input_shape": [
        2,
        3,
        512,
        512
      ],
      "feature_shapes": {
        "stem": [
          2,
          64,
          256,
          256
        ],
        "e1": [
          2,
          96,
          128,
          128
        ],
        "e2": [
          2,
          192,
          64,
          64
        ],
        "e3": [
          2,
          384,
          32,
          32
        ],
        "e4": [
          2,
          512,
          16,
          16
        ],
        "d4": [
          2,
          256,
          32,
          32
        ],
        "d3": [
          2,
          192,
          64,
          64
        ],
        "d2": [
          2,
          128,
          128,
          128
        ],
        "d1": [
          2,
          96,
          256,
          256
        ]
      },
      "seg_logits_shape": [
        2,
        1,
        512,
        512
      ],
      "seg_has_nan": false,
      "seg_has_inf": false,
      "features_have_nan": {
        "stem": false,
        "e1": false,
        "e2": false,
        "e3": false,
        "e4": false,
        "d4": false,
        "d3": false,
        "d2": false,
        "d1": false
      },
      "features_have_inf": {
        "stem": false,
        "e1": false,
        "e2": false,
        "e3": false,
        "e4": false,
        "d4": false,
        "d3": false,
        "d2": false,
        "d1": false
      },
      "peak_memory_mb_dummy_batch2": 344.9501953125,
      "dummy_benchmark_batch1": {
        "fps": 104.13288175196222,
        "ms_per_image": 9.603114627922574
      },
      "ss2d_note": "Current simplified branch with H/W bidirectional cumulative mixing."
    },
    "C_full_ss2d": {
      "variant": "C_full_ss2d",
      "device": "cuda",
      "global_branch_type": "ss2d",
      "with_bidirectional_gate": true,
      "total_params": 17378481,
      "trainable_params": 17378481,
      "input_shape": [
        2,
        3,
        512,
        512
      ],
      "feature_shapes": {
        "stem": [
          2,
          64,
          256,
          256
        ],
        "e1": [
          2,
          96,
          128,
          128
        ],
        "e2": [
          2,
          192,
          64,
          64
        ],
        "e3": [
          2,
          384,
          32,
          32
        ],
        "e4": [
          2,
          512,
          16,
          16
        ],
        "d4": [
          2,
          256,
          32,
          32
        ],
        "d3": [
          2,
          192,
          64,
          64
        ],
        "d2": [
          2,
          128,
          128,
          128
        ],
        "d1": [
          2,
          96,
          256,
          256
        ]
      },
      "seg_logits_shape": [
        2,
        1,
        512,
        512
      ],
      "seg_has_nan": false,
      "seg_has_inf": false,
      "features_have_nan": {
        "stem": false,
        "e1": false,
        "e2": false,
        "e3": false,
        "e4": false,
        "d4": false,
        "d3": false,
        "d2": false,
        "d1": false
      },
      "features_have_inf": {
        "stem": false,
        "e1": false,
        "e2": false,
        "e3": false,
        "e4": false,
        "d4": false,
        "d3": false,
        "d2": false,
        "d1": false
      },
      "peak_memory_mb_dummy_batch2": 568.7822265625,
      "dummy_benchmark_batch1": {
        "fps": 98.30284216363731,
        "ms_per_image": 10.17264585631589
      },
      "ss2d_note": "GlobalSS2DBlock is SS2D-style and dependency-free; it follows the VSS/PixMamba block layout but uses normalized cumulative four-route scans instead of official selective_scan."
    },
    "B_simplified": {
      "variant": "B_simplified",
      "device": "cuda",
      "global_branch_type": "simplified",
      "with_bidirectional_gate": false,
      "total_params": 17831777,
      "trainable_params": 17831777,
      "input_shape": [
        2,
        3,
        512,
        512
      ],
      "feature_shapes": {
        "stem": [
          2,
          64,
          256,
          256
        ],
        "e1": [
          2,
          96,
          128,
          128
        ],
        "e2": [
          2,
          192,
          64,
          64
        ],
        "e3": [
          2,
          384,
          32,
          32
        ],
        "e4": [
          2,
          512,
          16,
          16
        ],
        "d4": [
          2,
          256,
          32,
          32
        ],
        "d3": [
          2,
          192,
          64,
          64
        ],
        "d2": [
          2,
          128,
          128,
          128
        ],
        "d1": [
          2,
          96,
          256,
          256
        ]
      },
      "seg_logits_shape": [
        2,
        1,
        512,
        512
      ],
      "seg_has_nan": false,
      "seg_has_inf": false,
      "features_have_nan": {
        "stem": false,
        "e1": false,
        "e2": false,
        "e3": false,
        "e4": false,
        "d4": false,
        "d3": false,
        "d2": false,
        "d1": false
      },
      "features_have_inf": {
        "stem": false,
        "e1": false,
        "e2": false,
        "e3": false,
        "e4": false,
        "d4": false,
        "d3": false,
        "d2": false,
        "d1": false
      },
      "peak_memory_mb_dummy_batch2": 483.9345703125,
      "dummy_benchmark_batch1": {
        "fps": 136.5654751574391,
        "ms_per_image": 7.322494934002559
      },
      "ss2d_note": "Current simplified branch with H/W bidirectional cumulative mixing."
    },
    "B_ss2d": {
      "variant": "B_ss2d",
      "device": "cuda",
      "global_branch_type": "ss2d",
      "with_bidirectional_gate": false,
      "total_params": 17378481,
      "trainable_params": 17378481,
      "input_shape": [
        2,
        3,
        512,
        512
      ],
      "feature_shapes": {
        "stem": [
          2,
          64,
          256,
          256
        ],
        "e1": [
          2,
          96,
          128,
          128
        ],
        "e2": [
          2,
          192,
          64,
          64
        ],
        "e3": [
          2,
          384,
          32,
          32
        ],
        "e4": [
          2,
          512,
          16,
          16
        ],
        "d4": [
          2,
          256,
          32,
          32
        ],
        "d3": [
          2,
          192,
          64,
          64
        ],
        "d2": [
          2,
          128,
          128,
          128
        ],
        "d1": [
          2,
          96,
          256,
          256
        ]
      },