{
  "variant": "C_full_true_vmamba_ss2d",
  "device": "cuda",
  "amp": false,
  "epochs": 3,
  "train_subset": 96,
  "val_subset": 32,
  "total_params": 17843105,
  "trainable_params": 17843105,
  "train_losses": [
    1.3344044536352158,
    1.0778870681921642,
    0.9630710110068321
  ],
  "val_losses": [
    1.1727875620126724,
    1.5199252665042877,
    1.2017593085765839
  ],
  "loss_decreased": true,
  "checkpoint_load_ok": true,
  "best_checkpoint_epoch": 3,
  "last_checkpoint_epoch": 3,
  "best_val_metrics": {
    "iou": 0.4078449500912495,
    "dice": 0.579389015906638,
    "precision": 0.5026534854026623,
    "recall": 0.6837746681009202,
    "loss": 1.2017593085765839,
    "time_sec": 0.3192596435546875
  },
  "eval_metrics_reloaded_best": {
    "iou": 0.4078449500912495,
    "dice": 0.579389015906638,
    "precision": 0.5026534854026623,
    "recall": 0.6837746681009202,
    "loss": 1.2017593085765839,
    "pred_fg_ratio_mean": 0.011298775672912598,
    "pred_all_black_count": 18,
    "pred_all_white_count": 0,
    "num_pred_samples": 32
  },
  "eval_metrics_has_nan_or_inf": false,
  "best_checkpoint": "/root/autodl-tmp/project-building/outputs/true_vmamba_ss2d_check/sanity_C_full_true_vmamba_ss2d/checkpoints/best.pth",
  "last_checkpoint": "/root/autodl-tmp/project-building/outputs/true_vmamba_ss2d_check/sanity_C_full_true_vmamba_ss2d/checkpoints/last.pth"
}