{
  "variant": "C_full_ss2d",
  "config": "/root/autodl-tmp/project-building/configs/whu_ss2d_C_full_ss2d.yaml",
  "epochs": 3,
  "train_subset": 96,
  "val_subset": 32,
  "total_params": 17378481,
  "trainable_params": 17378481,
  "train_losses": [
    1.2174105222026508,
    0.9911375865340233,
    0.8976292287309965
  ],
  "val_losses": [
    1.5652984827756882,
    1.0167244970798492,
    0.9890061840415001
  ],
  "loss_decreased": true,
  "checkpoint_load_ok": true,
  "best_checkpoint_epoch": 3,
  "last_checkpoint_epoch": 3,
  "best_val_metrics": {
    "iou": 0.6358214840180441,
    "dice": 0.7773727026206859,
    "precision": 0.8179757470067084,
    "recall": 0.7406099748823242,
    "loss": 0.9890061840415001,
    "time_sec": 0.3054835796356201
  },
  "eval_metrics_reloaded_best": {
    "iou": 0.6358214840180441,
    "dice": 0.7773727026206859,
    "precision": 0.8179757470067084,
    "recall": 0.7406099748823242,
    "loss": 0.9890061840415001,
    "fps": 108.30273365541191,
    "ms_per_image": 9.233377277269028,
    "pred_all_black_count": 17,
    "pred_all_white_count": 0
  },
  "amp": false
}