{
  "datasets": {
    "WHU": {
      "C_full": {
        "iou": 0.8939179389787123,
        "dice": 0.9439880372649663,
        "precision": 0.9445908739476117,
        "recall": 0.9433859695507579,
        "loss": 0.12887784595768034,
        "fps": 173.97981276609957,
        "ms_per_image": 5.74779328762936,
        "params": 17831777,
        "best_epoch": 79,
        "boundary_iou": 0.5848498344532512
      },
      "C_boundary": {
        "iou": 0.8986258960162143,
        "dice": 0.9466065936441227,
        "precision": 0.9479804553456157,
        "recall": 0.9452367083209747,
        "loss": 0.12550441693059572,
        "fps": 180.75966659589776,
        "ms_per_image": 5.532207592723533,
        "params": 17915010,
        "best_epoch": 50,
        "boundary_iou": 0.6005904007452261
      }
    },
    "Inria": {
      "C_full": {
        "iou": 0.7970706390546682,
        "dice": 0.887077693811702,
        "precision": 0.8800180640209558,
        "recall": 0.8942515062962116,
        "loss": 0.2813391600969101,
        "fps": 177.89230117118134,
        "ms_per_image": 5.621378741049197,
        "params": 17831777,
        "best_epoch": 70,
        "boundary_iou": 0.42592812358586474
      },
      "C_boundary": {
        "iou": 0.8043889903876069,
        "dice": 0.8915915522348797,
        "precision": 0.8885005423937128,
        "recall": 0.8947041438220896,
        "loss": 0.27116675941463236,
        "fps": 178.78557075462427,
        "ms_per_image": 5.593292544690076,
        "params": 17915010,
        "best_epoch": 79,
        "boundary_iou": 0.4332541137754738
      }
    }
  },
  "focus_cases": {
    "WHU": {
      "complex_boundary": {
        "file": "complex_boundary_120.png",
        "id": "120",
        "iou_C_full": 0.4477128988898789,
        "iou_C_boundary": 0.8326471298540452,
        "boundary_iou_C_full": 0.48592870452921444,
        "boundary_iou_C_boundary": 0.47877758832126044
      },
      "small_buildings": {
        "file": "small_buildings_452.png",
        "id": "452",
        "iou_C_full": 0.0,
        "iou_C_boundary": 0.8141176451432526,
        "boundary_iou_C_full": 0.0,
        "boundary_iou_C_boundary": 0.44642856744260206
      },
      "dense_buildings": {
        "file": "dense_buildings_644.png",
        "id": "644",
        "iou_C_full": 0.6621226874290695,
        "iou_C_boundary": 0.8771089325455484,
        "boundary_iou_C_full": 0.30278616975401607,
        "boundary_iou_C_boundary": 0.2784897816839315
      },
      "adhesive_buildings": {
        "file": "adhesive_buildings_624.png",
        "id": "624",
        "iou_C_full": 0.12359905287756909,
        "iou_C_boundary": 0.44549805833004835,
        "boundary_iou_C_full": 0.014718614705871328,
        "boundary_iou_C_boundary": 0.27840909071135717
      }
    },
    "Inria": {
      "small_buildings": {
        "file": "small_buildings_austin10_02048_00512.png",
        "id": "austin10_02048_00512",
        "iou_C_full": 0.19268635697231173,
        "iou_C_boundary": 0.47715053699307725,
        "boundary_iou_C_full": 0.2407407392546868,
        "boundary_iou_C_boundary": 0.22047243920887843
      },
      "complex_boundary": {
        "file": "complex_boundary_austin13_04096_00512.png",
        "id": "austin13_04096_00512",
        "iou_C_full": 0.3743581514161813,
        "iou_C_boundary": 0.8230074471838048,
        "boundary_iou_C_full": 0.1812227072257394,
        "boundary_iou_C_boundary": 0.45010183253553787
      },
      "adhesive_buildings": {
        "file": "adhesive_buildings_vienna34_04096_04608.png",
        "id": "vienna34_04096_04608",
        "iou_C_full": 0.4511815288627808,
        "iou_C_boundary": 0.8942924360793357,
        "boundary_iou_C_full": 0.3836734688657504,
        "boundary_iou_C_boundary": 0.5680539926118627
      },
      "dense_buildings": {
        "file": "dense_buildings_tyrol-w23_00000_04608.png",
        "id": "tyrol-w23_00000_04608",
        "iou_C_full": 0.6889554380439388,
        "iou_C_boundary": 0.9413832986206896,
        "boundary_iou_C_full": 0.336771531543697,
        "boundary_iou_C_boundary": 0.4707217428639484
      }
    }
  }
}