{
  "variants": {
    "unet": {
      "iou": 0.7851469707715508,
      "dice": 0.879644066989292,
      "precision": 0.8744858484162282,
      "recall": 0.8848634988907573,
      "loss": 0.30666345408709533,
      "fps": 172.87193093799294,
      "ms_per_image": 5.784629086827796,
      "params": 7763041,
      "best_epoch": 68
    },
    "A_local_only": {
      "iou": 0.7878999376213813,
      "dice": 0.8813691650659174,
      "precision": 0.8770660082812364,
      "recall": 0.8857147552751683,
      "loss": 0.2996148854092266,
      "fps": 183.7031043306705,
      "ms_per_image": 5.443566147907731,
      "params": 15994849,
      "best_epoch": 73
    },
    "B_no_gate": {
      "iou": 0.796448314135947,
      "dice": 0.8866921557039302,
      "precision": 0.8816115506441823,
      "recall": 0.8918316578235087,
      "loss": 0.28028223699419186,
      "fps": 185.12046398963636,
      "ms_per_image": 5.401887929883231,
      "params": 17831777,
      "best_epoch": 74
    },
    "C_full": {
      "iou": 0.7970706390546682,
      "dice": 0.887077693811702,
      "precision": 0.8800180640209558,
      "recall": 0.8942515062962116,
      "loss": 0.2813391600969101,
      "fps": 181.2024808425228,
      "ms_per_image": 5.5186882395339145,
      "params": 17831777,
      "best_epoch": 70
    }
  },
  "deltas": {
    "gain_global_B_minus_A": 0.008548376514565637,
    "gain_gate_C_minus_B": 0.0006223249187212732,
    "gain_combined_C_minus_A": 0.00917070143328691
  },
  "focus_cases": {
    "small_buildings": {
      "file": "small_buildings_tyrol-w36_00512_02560.png",
      "id": "tyrol-w36_00512_02560",
      "ious": {
        "unet": 0.37578616293115386,
        "A_local_only": 0.33199464480322,
        "B_no_gate": 0.3207547165488481,
        "C_full": 0.6218274095892705
      }
    },
    "complex_boundary": {
      "file": "complex_boundary_tyrol-w27_02048_02048.png",
      "id": "tyrol-w27_02048_02048",
      "ious": {
        "unet": 0.5296005704245362,
        "A_local_only": 0.8416860269360484,
        "B_no_gate": 0.36472727259464466,
        "C_full": 0.8209578910893739
      }
    },
    "adhesive_buildings": {
      "file": "adhesive_buildings_chicago24_01024_04608.png",
      "id": "chicago24_01024_04608",
      "ious": {
        "unet": 0.32202818528583305,
        "A_local_only": 0.9862202829576467,
        "B_no_gate": 0.4002214981557835,
        "C_full": 0.8289565666571085
      }
    },
    "dense_buildings": {
      "file": "dense_buildings_chicago21_01536_01024.png",
      "id": "chicago21_01536_01024",
      "ious": {
        "unet": 0.8816478135955648,
        "A_local_only": 0.3127349057496031,
        "B_no_gate": 0.6599999999906977,
        "C_full": 0.9461171183689635
      }
    }
  }
}